Date Time,Close,Open,High,Low,Change %,Volume
2019-07-26 00:00:00,108.67,108.64,108.83,108.56,0.03%,150
2019-07-25 00:00:00,108.64,108.19,108.77,108.03,0.42%,150
2019-07-24 00:00:00,108.19,108.22,108.28,107.94,-0.03%,150
2019-07-23 00:00:00,108.22,107.84,108.3,107.83,0.32%,150
2019-07-22 00:00:00,107.88,107.8,108.08,107.7,0.05%,150
2019-07-21 00:00:00,107.82,107.69,107.83,107.69,0.10%,150
2019-07-19 00:00:00,107.72,107.3,107.97,107.22,0.39%,150
2019-07-18 00:00:00,107.3,107.94,108.02,107.2,-0.59%,150
2019-07-17 00:00:00,107.94,108.25,108.33,107.94,-0.28%,150
2019-07-16 00:00:00,108.24,107.92,108.39,107.83,0.30%,150
2019-07-15 00:00:00,107.92,107.88,108.11,107.8,0.08%,150
2019-07-14 00:00:00,107.83,107.88,107.97,107.79,-0.07%,150
2019-07-12 00:00:00,107.91,108.48,108.61,107.8,-0.54%,150
2019-07-11 00:00:00,108.5,108.47,108.53,107.86,0.03%,150
2019-07-10 00:00:00,108.47,108.84,108.98,108.33,-0.36%,150
2019-07-09 00:00:00,108.86,108.72,108.97,108.67,0.13%,150
2019-07-08 00:00:00,108.72,108.44,108.81,108.28,0.21%,150
2019-07-07 00:00:00,108.5,108.46,108.58,108.36,0.02%,150
2019-07-05 00:00:00,108.47,107.81,108.64,107.78,0.61%,150
2019-07-04 00:00:00,107.81,107.8,107.86,107.71,-0.02%,150
2019-07-03 00:00:00,107.83,107.89,107.93,107.53,-0.06%,150
2019-07-02 00:00:00,107.89,108.44,108.48,107.77,-0.51%,150
2019-07-01 00:00:00,108.44,108.11,108.55,108.11,0.05%,150
2019-06-30 00:00:00,108.39,107.92,108.5,107.92,0.46%,150
2019-06-28 00:00:00,107.89,107.8,107.94,107.56,0.08%,150
2019-06-27 00:00:00,107.8,107.8,108.17,107.64,0.02%,150
2019-06-26 00:00:00,107.78,107.19,107.86,107.09,0.55%,150
2019-06-25 00:00:00,107.19,107.31,107.42,106.78,-0.10%,150
2019-06-24 00:00:00,107.3,107.41,107.55,107.25,0.00%,150
2019-06-23 00:00:00,107.31,107.39,107.39,107.29,0.00%,150
2019-06-21 00:00:00,107.31,107.31,107.75,107.06,0.00%,150
2019-06-20 00:00:00,107.31,108.09,108.14,107.22,-0.74%,150
2019-06-19 00:00:00,108.11,108.45,108.62,107.91,-0.31%,150
2019-06-18 00:00:00,108.45,108.55,108.69,108.06,-0.10%,150
2019-06-17 00:00:00,108.56,108.44,108.72,108.41,-0.01%,150
2019-06-16 00:00:00,108.57,108.57,108.59,108.42,0.01%,150
2019-06-14 00:00:00,108.56,108.38,108.59,108.16,0.16%,150
2019-06-13 00:00:00,108.39,108.52,108.55,108.17,-0.10%,150
2019-06-12 00:00:00,108.5,108.52,108.58,108.22,-0.02%,150
2019-06-11 00:00:00,108.52,108.45,108.81,108.36,0.07%,150
2019-06-10 00:00:00,108.44,108.56,108.72,108.33,-0.01%,150
2019-06-09 00:00:00,108.46,108.21,108.68,108.21,0.24%,150
2019-06-07 00:00:00,108.19,108.42,108.62,107.89,-0.21%,150
2019-06-06 00:00:00,108.42,108.47,108.58,108.03,-0.05%,150
2019-06-05 00:00:00,108.47,108.14,108.5,107.81,0.31%,150
2019-06-04 00:00:00,108.14,108.08,108.36,107.83,0.06%,150
2019-06-03 00:00:00,108.08,108.38,108.45,107.89,-0.13%,150
2019-06-02 00:00:00,108.22,108.51,108.51,108.17,-0.05%,150
2019-05-31 00:00:00,108.28,109.62,109.64,108.28,-1.21%,150
2019-05-30 00:00:00,109.61,109.61,109.94,109.47,0.02%,150
2019-05-29 00:00:00,109.59,109.38,109.7,109.14,0.19%,150
2019-05-28 00:00:00,109.38,109.5,109.64,109.22,-0.13%,150
2019-05-27 00:00:00,109.52,109.31,109.59,109.28,0.11%,150
2019-05-26 00:00:00,109.4,109.28,109.43,109.28,0.09%,150
2019-05-24 00:00:00,109.31,109.61,109.75,109.28,-0.27%,150
2019-05-23 00:00:00,109.61,110.36,110.38,109.47,-0.68%,150
2019-05-22 00:00:00,110.36,110.48,110.64,110.25,-0.13%,150
2019-05-21 00:00:00,110.5,110.06,110.69,110.03,0.40%,150
2019-05-20 00:00:00,110.06,110.14,110.33,109.81,-0.10%,150
2019-05-19 00:00:00,110.17,109.86,110.24,109.86,0.08%,150
2019-05-17 00:00:00,110.08,109.86,110.19,109.5,0.20%,150
2019-05-16 00:00:00,109.86,109.61,109.97,109.33,0.25%,150
2019-05-15 00:00:00,109.59,109.61,109.72,109.16,-0.02%,150
2019-05-14 00:00:00,109.61,109.3,109.78,109.14,0.27%,150
2019-05-13 00:00:00,109.31,109.75,109.84,109.02,-0.31%,150
2019-05-12 00:00:00,109.64,109.79,109.86,109.64,-0.27%,150
2019-05-10 00:00:00,109.94,109.75,110.05,109.47,0.16%,150
2019-05-09 00:00:00,109.76,110.1,110.13,109.47,-0.32%,150
2019-05-08 00:00:00,110.11,110.25,110.31,109.89,-0.13%,150
2019-05-07 00:00:00,110.25,110.78,110.86,110.17,-0.48%,150
2019-05-06 00:00:00,110.78,110.62,110.99,110.28,0.13%,150
2019-05-05 00:00:00,110.64,110.56,110.85,110.54,-0.43%,150
2019-05-03 00:00:00,111.11,111.52,111.69,111.06,-0.37%,150
2019-05-02 00:00:00,111.52,111.39,111.67,111.36,0.12%,150
2019-05-01 00:00:00,111.39,111.44,111.62,111.05,-0.03%,150
2019-04-30 00:00:00,111.42,111.66,111.7,111.23,-0.20%,150
2019-04-29 00:00:00,111.64,111.61,111.91,111.53,0.04%,150
2019-04-28 00:00:00,111.6,111.57,111.62,111.53,0.00%,150
2019-04-26 00:00:00,111.59,111.64,112.03,111.42,-0.04%,150
2019-04-25 00:00:00,111.64,112.19,112.25,111.39,-0.49%,150
2019-04-24 00:00:00,112.19,111.86,112.41,111.69,0.30%,150
2019-04-23 00:00:00,111.86,111.94,112.03,111.64,-0.07%,150
2019-04-22 00:00:00,111.94,111.93,111.99,111.85,0.02%,150
2019-04-21 00:00:00,111.92,111.93,111.96,111.86,0.00%,150
2019-04-19 00:00:00,111.92,111.97,112.01,111.88,-0.04%,150
2019-04-18 00:00:00,111.97,112.06,112.08,111.77,-0.08%,150
2019-04-17 00:00:00,112.06,112.03,112.17,111.92,0.05%,150
2019-04-16 00:00:00,112.0,112.05,112.06,111.84,-0.03%,150
2019-04-15 00:00:00,112.03,112.0,112.09,111.88,-0.00%,150
2019-04-14 00:00:00,112.04,112.0,112.06,111.93,0.00%,150
2019-04-12 00:00:00,112.03,111.66,112.09,111.58,0.32%,150
2019-04-11 00:00:00,111.67,111.03,111.7,110.91,0.59%,150
2019-04-10 00:00:00,111.02,111.14,111.28,110.84,-0.11%,150
2019-04-09 00:00:00,111.14,111.49,111.59,110.98,-0.30%,150
2019-04-08 00:00:00,111.48,111.72,111.8,111.28,-0.20%,150
2019-04-07 00:00:00,111.71,111.71,111.79,111.68,-0.02%,150
2019-04-05 00:00:00,111.73,111.64,111.81,111.58,0.05%,150
2019-04-04 00:00:00,111.67,111.48,111.69,111.33,0.17%,150
2019-04-03 00:00:00,111.48,111.33,111.58,111.2,0.13%,150
2019-04-02 00:00:00,111.33,111.34,111.47,111.25,-0.03%,150
2019-04-01 00:00:00,111.36,110.81,111.45,110.81,0.34%,150
2019-03-31 00:00:00,110.99,110.97,111.1,110.88,0.11%,150
2019-03-29 00:00:00,110.86,110.62,110.95,110.53,0.20%,150
2019-03-28 00:00:00,110.64,110.52,110.83,110.03,0.11%,150
2019-03-27 00:00:00,110.52,110.64,110.7,110.22,-0.11%,150
2019-03-26 00:00:00,110.64,109.97,110.69,109.94,0.61%,150
2019-03-25 00:00:00,109.97,109.86,110.25,109.72,-0.11%,150
2019-03-24 00:00:00,110.1,109.93,110.14,109.75,0.16%,150
2019-03-22 00:00:00,109.92,110.81,110.91,109.75,-0.80%,150
2019-03-21 00:00:00,110.81,110.72,110.97,110.3,0.11%,150
2019-03-20 00:00:00,110.69,111.41,111.69,110.53,-0.63%,150
2019-03-19 00:00:00,111.39,111.44,111.48,111.16,-0.03%,150
2019-03-18 00:00:00,111.42,111.45,111.62,111.28,-0.12%,150
2019-03-17 00:00:00,111.56,111.5,111.57,111.44,0.08%,150
2019-03-15 00:00:00,111.47,111.7,111.91,111.39,-0.22%,150
2019-03-14 00:00:00,111.72,111.16,111.84,111.14,0.49%,150
2019-03-13 00:00:00,111.17,111.36,111.47,111.0,-0.17%,150
2019-03-12 00:00:00,111.36,111.2,111.47,111.11,0.14%,150
2019-03-11 00:00:00,111.2,111.14,111.31,110.88,0.10%,150
2019-03-10 00:00:00,111.08,111.17,111.18,110.96,-0.08%,150
2019-03-08 00:00:00,111.17,111.58,111.66,110.78,-0.38%,150
2019-03-07 00:00:00,111.59,111.77,111.86,111.48,-0.16%,150
2019-03-06 00:00:00,111.77,111.89,111.94,111.61,-0.11%,150
2019-03-05 00:00:00,111.89,111.72,112.12,111.7,0.13%,150
2019-03-04 00:00:00,111.75,111.77,112.02,111.64,-0.17%,150
2019-03-03 00:00:00,111.94,111.89,111.96,111.72,0.02%,150
2019-03-01 00:00:00,111.92,111.39,112.08,111.33,0.48%,150
2019-02-28 00:00:00,111.39,111.0,111.5,110.66,0.35%,150
2019-02-27 00:00:00,111.0,110.58,111.08,110.36,0.38%,150
2019-02-26 00:00:00,110.58,111.06,111.09,110.42,-0.43%,150
2019-02-25 00:00:00,111.06,110.67,111.23,110.56,0.26%,150
2019-02-24 00:00:00,110.78,110.68,110.79,110.63,0.08%,150
2019-02-22 00:00:00,110.69,110.69,110.92,110.56,-0.01%,150
2019-02-21 00:00:00,110.7,110.86,110.89,110.58,-0.14%,150
2019-02-20 00:00:00,110.86,110.63,110.95,110.52,0.22%,150
2019-02-19 00:00:00,110.62,110.61,110.83,110.45,0.00%,150
2019-02-18 00:00:00,110.62,110.45,110.67,110.39,0.04%,150
2019-02-17 00:00:00,110.57,110.5,110.57,110.39,0.07%,150
2019-02-15 00:00:00,110.5,110.48,110.66,110.25,0.02%,150
2019-02-14 00:00:00,110.48,111.01,111.13,110.45,-0.47%,150
2019-02-13 00:00:00,111.0,110.5,111.06,110.42,0.47%,150
2019-02-12 00:00:00,110.48,110.36,110.64,110.33,0.09%,150
2019-02-11 00:00:00,110.38,109.83,110.47,109.69,0.51%,150
2019-02-10 00:00:00,109.82,109.76,109.87,109.69,0.08%,150
2019-02-08 00:00:00,109.73,109.81,109.91,109.64,-0.07%,150
2019-02-07 00:00:00,109.81,109.97,110.09,109.61,-0.15%,150
2019-02-06 00:00:00,109.97,109.97,110.06,109.55,0.00%,150
2019-02-05 00:00:00,109.97,109.89,110.03,109.78,0.07%,150
2019-02-04 00:00:00,109.89,109.5,110.16,109.43,0.41%,150
2019-02-03 00:00:00,109.44,109.5,109.54,109.43,-0.05%,150
2019-02-01 00:00:00,109.5,108.89,109.58,108.72,0.57%,150
2019-01-31 00:00:00,108.88,109.04,109.08,108.49,-0.14%,150
2019-01-30 00:00:00,109.03,109.39,109.75,108.81,-0.33%,150
2019-01-29 00:00:00,109.39,109.36,109.55,109.14,0.03%,150
2019-01-28 00:00:00,109.36,109.53,109.61,109.16,-0.05%,150
2019-01-27 00:00:00,109.42,109.52,109.59,109.39,-0.12%,150
2019-01-25 00:00:00,109.55,109.64,109.97,109.45,-0.08%,150
2019-01-24 00:00:00,109.64,109.58,109.81,109.42,0.04%,150
2019-01-23 00:00:00,109.6,109.37,110.0,109.32,0.20%,150
2019-01-22 00:00:00,109.38,109.67,109.7,109.14,-0.26%,150
2019-01-21 00:00:00,109.67,109.75,109.77,109.47,-0.00%,150
2019-01-20 00:00:00,109.68,109.78,109.78,109.64,-0.10%,150
2019-01-18 00:00:00,109.78,109.27,109.89,109.06,0.49%,150
2019-01-17 00:00:00,109.24,109.09,109.4,108.68,0.14%,150
2019-01-16 00:00:00,109.09,108.69,109.2,108.38,0.39%,150
2019-01-15 00:00:00,108.67,108.16,108.77,108.13,0.46%,150
2019-01-14 00:00:00,108.17,108.47,108.56,107.97,-0.26%,150
2019-01-13 00:00:00,108.46,108.57,108.57,108.36,-0.09%,150
2019-01-11 00:00:00,108.55,108.43,108.6,108.14,0.12%,150
2019-01-10 00:00:00,108.42,108.16,108.52,107.77,0.23%,150
2019-01-09 00:00:00,108.17,108.75,109.0,107.97,-0.53%,150
2019-01-08 00:00:00,108.75,108.72,109.09,108.44,0.03%,150
2019-01-07 00:00:00,108.72,108.55,108.75,108.03,0.17%,150
2019-01-06 00:00:00,108.54,108.56,108.75,108.36,0.00%,150
2019-01-04 00:00:00,108.53,107.67,108.59,107.51,0.80%,150
2019-01-03 00:00:00,107.67,108.89,108.92,104.97,-1.11%,150
2019-01-02 00:00:00,108.88,109.67,109.73,108.71,-0.77%,150
2019-01-01 00:00:00,109.72,109.57,109.79,109.57,0.13%,150
2018-12-31 00:00:00,109.58,110.44,110.48,109.55,-0.68%,150
2018-12-30 00:00:00,110.32,110.42,110.42,110.27,0.04%,150
2018-12-28 00:00:00,110.28,110.97,111.06,110.14,-0.65%,150
2018-12-27 00:00:00,111.0,111.38,111.39,110.45,-0.32%,150
2018-12-26 00:00:00,111.36,110.31,111.42,110.14,0.98%,150
2018-12-25 00:00:00,110.28,110.44,110.47,110.0,-0.15%,150
2018-12-24 00:00:00,110.45,110.95,111.21,110.27,-0.56%,150
2018-12-23 00:00:00,111.07,110.97,111.19,110.96,-0.13%,150
2018-12-21 00:00:00,111.22,111.3,111.47,110.94,-0.05%,150
2018-12-20 00:00:00,111.28,112.47,112.61,110.81,-1.07%,150
2018-12-19 00:00:00,112.48,112.52,112.66,112.09,-0.04%,150
2018-12-18 00:00:00,112.53,112.83,112.88,112.25,-0.27%,150
2018-12-17 00:00:00,112.83,113.32,113.53,112.68,-0.50%,150
2018-12-16 00:00:00,113.4,113.36,113.4,113.32,0.01%,150
2018-12-14 00:00:00,113.39,113.64,113.69,113.22,-0.22%,150
2018-12-13 00:00:00,113.64,113.28,113.72,113.2,0.32%,150
2018-12-12 00:00:00,113.28,113.39,113.53,113.14,-0.10%,150
2018-12-11 00:00:00,113.39,113.33,113.47,113.0,0.04%,150
2018-12-10 00:00:00,113.34,112.7,113.38,112.25,0.73%,150
2018-12-09 00:00:00,112.52,112.62,112.69,112.43,-0.19%,150
2018-12-07 00:00:00,112.73,112.67,112.94,112.55,0.05%,150
2018-12-06 00:00:00,112.67,113.19,113.22,112.22,-0.46%,150
2018-12-05 00:00:00,113.19,112.77,113.25,112.64,0.36%,150
2018-12-04 00:00:00,112.78,113.66,113.67,112.58,-0.78%,150
2018-12-03 00:00:00,113.67,113.47,113.86,113.38,-0.09%,150
2018-12-02 00:00:00,113.77,113.66,113.82,113.61,0.26%,150
2018-11-30 00:00:00,113.47,113.5,113.72,113.33,-0.01%,150
2018-11-29 00:00:00,113.48,113.69,113.69,113.19,-0.18%,150
2018-11-28 00:00:00,113.69,113.78,114.03,113.44,-0.08%,150
2018-11-27 00:00:00,113.78,113.58,113.85,113.41,0.17%,150
2018-11-26 00:00:00,113.59,112.94,113.64,112.86,0.60%,150
2018-11-25 00:00:00,112.91,112.92,112.94,112.88,-0.04%,150
2018-11-23 00:00:00,112.95,112.94,113.02,112.64,0.01%,150
2018-11-22 00:00:00,112.94,113.05,113.14,112.86,-0.11%,150
2018-11-21 00:00:00,113.06,112.77,113.14,112.61,0.26%,150
2018-11-20 00:00:00,112.77,112.56,112.84,112.31,0.19%,150
2018-11-19 00:00:00,112.56,112.83,112.89,112.42,-0.14%,150
2018-11-18 00:00:00,112.72,112.8,112.85,112.61,-0.10%,150
2018-11-16 00:00:00,112.83,113.64,113.66,112.64,-0.71%,150
2018-11-15 00:00:00,113.64,113.62,113.72,113.11,0.02%,150
2018-11-14 00:00:00,113.62,113.81,114.02,113.3,-0.17%,150
2018-11-13 00:00:00,113.81,113.83,114.15,113.57,-0.02%,150
2018-11-12 00:00:00,113.83,113.83,114.2,113.66,-0.02%,150
2018-11-11 00:00:00,113.85,113.87,113.89,113.82,0.02%,150
2018-11-09 00:00:00,113.83,114.06,114.09,113.64,-0.20%,150
2018-11-08 00:00:00,114.06,113.52,114.08,113.47,0.47%,150
2018-11-07 00:00:00,113.53,113.44,113.83,112.94,0.08%,150
2018-11-06 00:00:00,113.44,113.2,113.5,113.11,0.22%,150
2018-11-05 00:00:00,113.19,113.19,113.34,113.06,0.05%,150
2018-11-04 00:00:00,113.13,113.17,113.23,113.12,-0.06%,150
2018-11-02 00:00:00,113.2,112.72,113.33,112.58,0.43%,150
2018-11-01 00:00:00,112.72,112.94,113.0,112.61,-0.19%,150
2018-10-31 00:00:00,112.94,113.13,113.39,112.8,-0.13%,150
2018-10-30 00:00:00,113.09,112.38,113.11,112.28,0.63%,150
2018-10-29 00:00:00,112.38,111.92,112.56,111.78,0.40%,150
2018-10-28 00:00:00,111.93,111.88,111.98,111.8,0.02%,150
2018-10-26 00:00:00,111.91,112.39,112.45,111.38,-0.45%,150
2018-10-25 00:00:00,112.42,112.25,112.69,111.83,0.14%,150
2018-10-24 00:00:00,112.26,112.43,112.75,112.09,-0.16%,150
2018-10-23 00:00:00,112.44,112.83,112.86,111.94,-0.35%,150
2018-10-22 00:00:00,112.83,112.5,112.91,112.36,0.32%,150
2018-10-21 00:00:00,112.47,112.59,112.6,112.41,-0.07%,150
2018-10-19 00:00:00,112.55,112.21,112.65,112.12,0.32%,150
2018-10-18 00:00:00,112.19,112.64,112.73,111.97,-0.41%,150
2018-10-17 00:00:00,112.65,112.26,112.68,111.99,0.36%,150
2018-10-16 00:00:00,112.25,111.77,112.33,111.72,0.42%,150
2018-10-15 00:00:00,111.78,112.11,112.27,111.62,-0.38%,150
2018-10-14 00:00:00,112.21,112.15,112.23,112.12,0.01%,150
2018-10-12 00:00:00,112.2,112.17,112.5,111.89,0.03%,150
2018-10-11 00:00:00,112.17,112.27,112.53,111.83,-0.10%,150
2018-10-10 00:00:00,112.28,112.95,113.28,112.23,-0.59%,150
2018-10-09 00:00:00,112.95,113.22,113.41,112.88,-0.25%,150
2018-10-08 00:00:00,113.23,113.69,113.94,112.81,-0.42%,150
2018-10-07 00:00:00,113.71,113.8,113.81,113.66,-0.01%,150
2018-10-05 00:00:00,113.72,113.9,114.11,113.55,-0.18%,150
2018-10-04 00:00:00,113.92,114.55,114.56,113.64,-0.53%,150
2018-10-03 00:00:00,114.53,113.64,114.55,113.52,0.76%,150
2018-10-02 00:00:00,113.67,113.92,114.02,113.51,-0.22%,150
2018-10-01 00:00:00,113.92,113.69,114.08,113.67,0.11%,150
2018-09-30 00:00:00,113.8,113.73,113.84,113.7,0.10%,150
2018-09-28 00:00:00,113.69,113.38,113.72,113.31,0.27%,150
2018-09-27 00:00:00,113.38,112.75,113.47,112.55,0.58%,150
2018-09-26 00:00:00,112.73,112.97,113.14,112.62,-0.21%,150
2018-09-25 00:00:00,112.97,112.8,112.97,112.72,0.14%,150
2018-09-24 00:00:00,112.81,112.58,112.84,112.28,0.25%,150
2018-09-23 00:00:00,112.53,112.45,112.57,112.44,-0.04%,150
2018-09-21 00:00:00,112.58,112.48,112.89,112.42,0.07%,150
2018-09-20 00:00:00,112.5,112.28,112.59,112.03,0.20%,150
2018-09-19 00:00:00,112.28,112.36,112.45,112.17,-0.07%,150
2018-09-18 00:00:00,112.36,111.86,112.39,111.67,0.46%,150
2018-09-17 00:00:00,111.84,111.95,112.14,111.75,-0.12%,150
2018-09-16 00:00:00,111.97,112.03,112.04,111.94,-0.08%,150
2018-09-14 00:00:00,112.06,111.92,112.17,111.75,0.13%,150
2018-09-13 00:00:00,111.92,111.25,112.0,111.14,0.58%,150
2018-09-12 00:00:00,111.27,111.64,111.66,111.12,-0.33%,150
2018-09-11 00:00:00,111.64,111.12,111.66,111.06,0.47%,150
2018-09-10 00:00:00,111.12,110.97,111.25,110.86,0.17%,150
2018-09-09 00:00:00,110.93,111.06,111.09,110.88,-0.14%,150
2018-09-07 00:00:00,111.08,110.77,111.27,110.39,0.30%,150
2018-09-06 00:00:00,110.75,111.53,111.55,110.53,-0.70%,150
2018-09-05 00:00:00,111.53,111.45,111.76,111.37,0.07%,150
2018-09-04 00:00:00,111.45,111.06,111.55,110.91,0.33%,150
2018-09-03 00:00:00,111.08,111.08,111.19,110.85,-0.05%,150
2018-09-02 00:00:00,111.14,111.14,111.19,111.07,0.09%,150
2018-08-31 00:00:00,111.04,110.99,111.15,110.68,0.05%,150
2018-08-30 00:00:00,110.98,111.69,111.78,110.95,-0.62%,150
2018-08-29 00:00:00,111.67,111.2,111.84,111.11,0.43%,150
2018-08-28 00:00:00,111.19,111.08,111.36,110.95,0.10%,150
2018-08-27 00:00:00,111.08,111.25,111.36,110.92,-0.19%,150
2018-08-26 00:00:00,111.29,111.32,111.35,111.23,0.05%,150
2018-08-24 00:00:00,111.23,111.28,111.5,111.11,-0.06%,150
2018-08-23 00:00:00,111.3,110.55,111.33,110.52,0.67%,150
2018-08-22 00:00:00,110.56,110.3,110.62,110.03,0.23%,150
2018-08-21 00:00:00,110.31,110.06,110.56,109.78,0.22%,150
2018-08-20 00:00:00,110.07,110.52,110.69,110.02,-0.37%,150
2018-08-19 00:00:00,110.48,110.6,110.6,110.47,-0.02%,150
2018-08-17 00:00:00,110.5,110.89,111.06,110.31,-0.35%,150
2018-08-16 00:00:00,110.89,110.75,111.12,110.47,0.13%,150
2018-08-15 00:00:00,110.75,111.14,111.44,110.42,-0.37%,150
2018-08-14 00:00:00,111.16,110.69,111.33,110.59,0.39%,150
2018-08-13 00:00:00,110.73,110.94,110.95,110.12,0.09%,150
2018-08-12 00:00:00,110.63,110.47,110.75,110.44,-0.28%,150
2018-08-10 00:00:00,110.94,111.09,111.18,110.5,-0.13%,150
2018-08-09 00:00:00,111.08,110.98,111.19,110.69,0.09%,150
2018-08-08 00:00:00,110.98,111.39,111.44,110.83,-0.37%,150
2018-08-07 00:00:00,111.39,111.41,111.48,111.0,-0.02%,150
2018-08-06 00:00:00,111.41,111.19,111.53,111.14,0.15%,150
2018-08-05 00:00:00,111.24,111.23,111.27,111.16,-0.03%,150
2018-08-03 00:00:00,111.27,111.66,111.83,111.08,-0.35%,150
2018-08-02 00:00:00,111.66,111.7,111.75,111.31,-0.05%,150
2018-08-01 00:00:00,111.72,111.88,112.16,111.39,-0.14%,150
2018-07-31 00:00:00,111.88,111.05,111.97,110.78,0.73%,150
2018-07-30 00:00:00,111.07,111.04,111.17,110.89,0.12%,150
2018-07-29 00:00:00,110.94,110.94,111.02,110.91,-0.10%,150
2018-07-27 00:00:00,111.05,111.22,111.25,110.8,-0.15%,150
2018-07-26 00:00:00,111.22,110.97,111.25,110.58,0.23%,150
2018-07-25 00:00:00,110.97,111.2,111.39,110.66,-0.21%,150
2018-07-24 00:00:00,111.2,111.35,111.52,110.96,-0.13%,150
2018-07-23 00:00:00,111.34,111.5,111.56,110.75,0.25%,150
2018-07-22 00:00:00,111.06,111.39,111.51,111.06,-0.31%,150
2018-07-20 00:00:00,111.41,112.46,112.63,111.39,-0.94%,150
2018-07-19 00:00:00,112.47,112.86,113.17,112.06,-0.35%,150
2018-07-18 00:00:00,112.86,112.89,113.16,112.72,-0.01%,150
2018-07-17 00:00:00,112.87,112.29,112.94,112.22,0.51%,150
2018-07-16 00:00:00,112.3,112.36,112.56,112.19,-0.09%,150
2018-07-15 00:00:00,112.4,112.22,112.47,112.21,0.02%,150
2018-07-13 00:00:00,112.38,112.56,112.81,112.28,-0.16%,150
2018-07-12 00:00:00,112.56,112.02,112.64,111.91,0.48%,150
2018-07-11 00:00:00,112.02,110.98,112.19,110.77,0.92%,150
2018-07-10 00:00:00,111.0,110.86,111.36,110.8,0.14%,150
2018-07-09 00:00:00,110.85,110.5,110.91,110.31,0.37%,150
2018-07-08 00:00:00,110.44,110.42,110.47,110.4,-0.02%,150
2018-07-06 00:00:00,110.46,110.62,110.79,110.36,-0.14%,150
2018-07-05 00:00:00,110.62,110.47,110.72,110.3,0.14%,150
2018-07-04 00:00:00,110.47,110.61,110.64,110.28,-0.11%,150
2018-07-03 00:00:00,110.59,110.91,111.14,110.5,-0.27%,150
2018-07-02 00:00:00,110.89,110.67,111.06,110.48,0.14%,150
2018-07-01 00:00:00,110.73,110.62,110.84,110.62,0.05%,150
2018-06-29 00:00:00,110.68,110.49,110.95,110.39,0.16%,150
2018-06-28 00:00:00,110.5,110.25,110.66,109.97,0.22%,150
2018-06-27 00:00:00,110.26,110.06,110.49,109.68,0.18%,150
2018-06-26 00:00:00,110.06,109.75,110.22,109.36,0.26%,150
2018-06-25 00:00:00,109.78,109.92,110.03,109.36,-0.15%,150
2018-06-24 00:00:00,109.94,109.83,110.03,109.82,-0.03%,150
2018-06-22 00:00:00,109.97,109.98,110.22,109.79,-0.03%,150
2018-06-21 00:00:00,110.0,110.36,110.77,109.83,-0.33%,150
2018-06-20 00:00:00,110.36,110.06,110.45,109.85,0.27%,150
2018-06-19 00:00:00,110.06,110.56,110.58,109.55,-0.44%,150
2018-06-18 00:00:00,110.55,110.67,110.75,110.3,-0.08%,150
2018-06-17 00:00:00,110.64,110.69,110.74,110.58,-0.03%,150
2018-06-15 00:00:00,110.67,110.62,110.92,110.39,0.04%,150
2018-06-14 00:00:00,110.63,110.33,110.7,109.9,0.26%,150
2018-06-13 00:00:00,110.34,110.38,110.86,110.26,-0.04%,150
2018-06-12 00:00:00,110.38,110.03,110.5,109.98,0.32%,150
2018-06-11 00:00:00,110.03,109.47,110.12,109.22,0.52%,150
2018-06-10 00:00:00,109.46,109.33,109.48,109.31,-0.08%,150
2018-06-08 00:00:00,109.55,109.71,109.87,109.19,-0.14%,150
2018-06-07 00:00:00,109.7,110.19,110.22,109.48,-0.43%,150
2018-06-06 00:00:00,110.17,109.8,110.28,109.78,0.34%,150
2018-06-05 00:00:00,109.8,109.83,110.02,109.47,-0.01%,150
2018-06-04 00:00:00,109.81,109.5,109.86,109.38,0.18%,150
2018-06-03 00:00:00,109.61,109.47,109.62,109.45,0.05%,150
2018-06-01 00:00:00,109.55,108.81,109.75,108.72,0.67%,150
2018-05-31 00:00:00,108.82,108.9,109.01,108.38,-0.08%,150
2018-05-30 00:00:00,108.91,108.75,109.08,108.33,0.13%,150
2018-05-29 00:00:00,108.77,109.42,109.47,108.11,-0.59%,150
2018-05-28 00:00:00,109.42,109.56,109.83,109.23,0.03%,150
2018-05-25 00:00:00,109.39,109.25,109.75,109.11,0.13%,150
2018-05-24 00:00:00,109.25,110.08,110.11,108.95,-0.75%,150
2018-05-23 00:00:00,110.08,110.9,110.93,109.54,-0.73%,150
2018-05-22 00:00:00,110.89,111.06,111.19,110.8,-0.15%,150
2018-05-21 00:00:00,111.06,110.72,111.41,110.72,0.28%,150
2018-05-18 00:00:00,110.75,110.78,111.08,110.61,-0.02%,150
2018-05-17 00:00:00,110.77,110.39,110.86,110.06,0.34%,150
2018-05-16 00:00:00,110.39,110.34,110.41,110.02,0.04%,150
2018-05-15 00:00:00,110.35,109.66,110.46,109.65,0.63%,150
2018-05-14 00:00:00,109.66,109.39,109.67,109.2,0.25%,150
2018-05-11 00:00:00,109.39,109.41,109.58,109.14,0.00%,150
2018-05-10 00:00:00,109.39,109.75,110.03,109.31,-0.33%,150
2018-05-09 00:00:00,109.75,109.11,109.83,108.97,0.58%,150
2018-05-08 00:00:00,109.12,109.08,109.36,108.83,0.03%,150
2018-05-07 00:00:00,109.09,109.12,109.41,108.75,-0.03%,150
2018-05-04 00:00:00,109.12,109.19,109.28,108.64,-0.06%,150
2018-05-03 00:00:00,109.19,109.83,109.89,108.94,-0.59%,150
2018-05-02 00:00:00,109.84,109.86,110.03,109.58,-0.02%,150
2018-05-01 00:00:00,109.86,109.34,109.89,109.23,0.48%,150
2018-04-30 00:00:00,109.33,109.0,109.45,109.0,0.26%,150
2018-04-27 00:00:00,109.05,109.31,109.55,108.97,-0.24%,150
2018-04-26 00:00:00,109.31,109.42,109.47,109.06,-0.10%,150
2018-04-25 00:00:00,109.42,108.81,109.47,108.8,0.55%,150
2018-04-24 00:00:00,108.82,108.7,109.2,108.54,0.10%,150
2018-04-23 00:00:00,108.71,107.63,108.76,107.63,0.97%,150
2018-04-20 00:00:00,107.67,107.38,107.86,107.36,0.27%,150
2018-04-19 00:00:00,107.38,107.23,107.53,107.17,0.14%,150
2018-04-18 00:00:00,107.23,106.98,107.39,106.98,0.21%,150
2018-04-17 00:00:00,107.0,107.12,107.22,106.86,-0.10%,150
2018-04-16 00:00:00,107.11,107.38,107.62,107.03,-0.21%,150
2018-04-13 00:00:00,107.34,107.33,107.78,107.19,0.01%,150
2018-04-12 00:00:00,107.33,106.8,107.44,106.69,0.50%,150
2018-04-11 00:00:00,106.8,107.2,107.25,106.64,-0.37%,150
2018-04-10 00:00:00,107.2,106.81,107.41,106.61,0.40%,150
2018-04-09 00:00:00,106.77,106.92,107.22,106.61,-0.15%,150
2018-04-06 00:00:00,106.93,107.39,107.47,106.78,-0.42%,150
2018-04-05 00:00:00,107.38,106.77,107.5,106.71,0.56%,150
2018-04-04 00:00:00,106.78,106.61,106.85,105.98,0.16%,150
2018-04-03 00:00:00,106.61,105.89,106.67,105.69,0.68%,150
2018-04-02 00:00:00,105.89,106.25,106.45,105.66,-0.37%,150
2018-03-30 00:00:00,106.28,106.42,106.55,106.11,-0.14%,150
2018-03-29 00:00:00,106.43,106.85,106.93,106.25,-0.40%,150
2018-03-28 00:00:00,106.86,105.33,107.02,105.31,1.44%,150
2018-03-27 00:00:00,105.34,105.41,105.92,105.33,-0.07%,150
2018-03-26 00:00:00,105.41,104.73,105.49,104.56,0.64%,150
2018-03-23 00:00:00,104.74,105.29,105.36,104.64,-0.51%,150
2018-03-22 00:00:00,105.28,106.06,106.09,105.25,-0.74%,150
2018-03-21 00:00:00,106.06,106.53,106.64,105.88,-0.44%,150
2018-03-20 00:00:00,106.53,106.08,106.61,105.92,0.41%,150
2018-03-19 00:00:00,106.09,105.95,106.31,105.67,0.07%,150
2018-03-16 00:00:00,106.02,106.34,106.39,105.61,-0.30%,150
2018-03-15 00:00:00,106.34,106.33,106.42,105.78,0.01%,150
2018-03-14 00:00:00,106.33,106.56,106.75,106.05,-0.23%,150
2018-03-13 00:00:00,106.58,106.42,107.31,106.25,0.15%,150
2018-03-12 00:00:00,106.42,106.81,106.97,106.31,-0.36%,150
2018-03-09 00:00:00,106.8,106.25,107.06,106.16,0.56%,150
2018-03-08 00:00:00,106.2,106.06,106.31,105.88,0.11%,150
2018-03-07 00:00:00,106.08,106.12,106.22,105.44,-0.04%,150
2018-03-06 00:00:00,106.12,106.2,106.47,105.84,-0.08%,150
2018-03-05 00:00:00,106.2,105.69,106.25,105.36,0.43%,150
2018-03-02 00:00:00,105.75,106.23,106.31,105.25,-0.46%,150
2018-03-01 00:00:00,106.24,106.67,107.2,106.16,-0.40%,150
2018-02-28 00:00:00,106.67,107.33,107.53,106.55,-0.61%,150
2018-02-27 00:00:00,107.33,106.94,107.69,106.78,0.36%,150
2018-02-26 00:00:00,106.94,106.84,107.3,106.38,0.05%,150
2018-02-23 00:00:00,106.89,106.75,107.14,106.48,0.13%,150
2018-02-22 00:00:00,106.75,107.78,107.81,106.59,-0.96%,150
2018-02-21 00:00:00,107.78,107.33,107.92,107.27,0.42%,150
2018-02-20 00:00:00,107.33,106.61,107.39,106.56,0.68%,150
2018-02-19 00:00:00,106.6,106.33,106.73,106.09,0.27%,150
2018-02-16 00:00:00,106.31,106.14,106.41,105.53,0.18%,150
2018-02-15 00:00:00,106.12,107.0,107.03,106.03,-0.84%,150
2018-02-14 00:00:00,107.02,107.83,107.91,106.72,-0.75%,150
2018-02-13 00:00:00,107.83,108.64,108.78,107.39,-0.76%,150
2018-02-12 00:00:00,108.66,108.81,108.95,108.44,-0.13%,150
2018-02-09 00:00:00,108.8,108.75,109.31,108.05,0.05%,150
2018-02-08 00:00:00,108.75,109.31,109.78,108.58,-0.53%,150
2018-02-07 00:00:00,109.33,109.56,109.72,108.92,-0.21%,150
2018-02-06 00:00:00,109.56,109.08,109.66,108.44,0.41%,150
2018-02-05 00:00:00,109.11,110.11,110.31,108.98,-0.91%,150
2018-02-02 00:00:00,110.11,109.41,110.48,109.28,0.64%,150
2018-02-01 00:00:00,109.41,109.19,109.75,109.09,0.20%,150
2018-01-31 00:00:00,109.19,108.78,109.45,108.58,0.38%,150
2018-01-30 00:00:00,108.78,108.97,109.22,108.42,-0.16%,150
2018-01-29 00:00:00,108.95,108.69,109.2,108.5,0.21%,150
2018-01-26 00:00:00,108.72,109.42,109.78,108.28,-0.63%,150
2018-01-25 00:00:00,109.41,109.22,109.7,108.5,0.17%,150
2018-01-24 00:00:00,109.22,110.31,110.34,108.97,-0.99%,150
2018-01-23 00:00:00,110.31,110.92,111.19,110.25,-0.55%,150
2018-01-22 00:00:00,110.92,110.62,111.23,110.52,0.13%,150
2018-01-19 00:00:00,110.78,111.11,111.14,110.5,-0.30%,150
2018-01-18 00:00:00,111.11,111.3,111.5,110.7,-0.15%,150
2018-01-17 00:00:00,111.28,110.44,111.34,110.19,0.75%,150
2018-01-16 00:00:00,110.45,110.55,110.98,110.25,-0.08%,150
2018-01-15 00:00:00,110.54,111.07,111.2,110.32,-0.45%,150
2018-01-12 00:00:00,111.04,111.26,111.7,110.91,-0.19%,150
2018-01-11 00:00:00,111.25,111.44,111.89,111.05,-0.17%,150
2018-01-10 00:00:00,111.44,112.66,112.78,111.28,-1.08%,150
2018-01-09 00:00:00,112.66,113.11,113.19,112.36,-0.38%,150
2018-01-08 00:00:00,113.09,113.06,113.39,112.89,0.01%,150
2018-01-05 00:00:00,113.08,112.75,113.32,112.72,0.29%,150
2018-01-04 00:00:00,112.75,112.5,112.87,112.46,0.22%,150
2018-01-03 00:00:00,112.5,112.3,112.61,112.17,0.18%,150
2018-01-02 00:00:00,112.3,112.67,112.8,112.06,-0.32%,150
2018-01-01 00:00:00,112.66,112.67,112.69,112.64,-0.03%,150
2017-12-29 00:00:00,112.69,112.88,112.98,112.47,-0.18%,150
2017-12-28 00:00:00,112.89,113.36,113.36,112.67,-0.41%,150
2017-12-27 00:00:00,113.36,113.25,113.39,113.14,0.11%,150
2017-12-26 00:00:00,113.23,113.28,113.36,113.12,-0.04%,150
2017-12-25 00:00:00,113.28,113.33,113.38,113.22,0.01%,150
2017-12-22 00:00:00,113.27,113.32,113.45,113.25,-0.05%,150
2017-12-21 00:00:00,113.33,113.41,113.64,113.2,-0.05%,150
2017-12-20 00:00:00,113.39,112.89,113.47,112.84,0.44%,150
2017-12-19 00:00:00,112.89,112.54,113.08,112.51,0.30%,150
2017-12-18 00:00:00,112.55,112.64,112.85,112.32,-0.03%,150
2017-12-15 00:00:00,112.58,112.39,112.75,112.03,0.17%,150
2017-12-14 00:00:00,112.39,112.53,112.88,112.06,-0.14%,150
2017-12-13 00:00:00,112.55,113.56,113.58,112.47,-0.88%,150
2017-12-12 00:00:00,113.55,113.58,113.75,113.38,-0.01%,150
2017-12-11 00:00:00,113.56,113.48,113.69,113.24,0.07%,150
2017-12-08 00:00:00,113.48,113.08,113.58,113.06,0.35%,150
2017-12-07 00:00:00,113.08,112.28,113.16,112.2,0.69%,150
2017-12-06 00:00:00,112.3,112.59,112.67,112.0,-0.26%,150
2017-12-05 00:00:00,112.59,112.41,112.88,112.38,0.15%,150
2017-12-04 00:00:00,112.42,112.41,113.09,112.36,0.28%,150
2017-12-01 00:00:00,112.11,112.53,112.88,111.42,-0.37%,150
2017-11-30 00:00:00,112.53,111.92,112.64,111.72,0.54%,150
2017-11-29 00:00:00,111.93,111.48,112.15,111.37,0.40%,150
2017-11-28 00:00:00,111.48,111.09,111.64,110.94,0.35%,150
2017-11-27 00:00:00,111.09,111.41,111.69,110.83,-0.41%,150
2017-11-24 00:00:00,111.55,111.22,111.64,111.19,0.30%,150
2017-11-23 00:00:00,111.22,111.21,111.38,111.06,0.00%,150
2017-11-22 00:00:00,111.22,112.45,112.5,111.14,-1.09%,150
2017-11-21 00:00:00,112.44,112.62,112.72,112.17,-0.16%,150
2017-11-20 00:00:00,112.62,112.08,112.72,111.88,0.48%,150
2017-11-17 00:00:00,112.08,113.05,113.16,111.94,-0.87%,150
2017-11-16 00:00:00,113.06,112.88,113.34,112.73,0.16%,150
2017-11-15 00:00:00,112.88,113.47,113.5,112.47,-0.50%,150
2017-11-14 00:00:00,113.45,113.62,113.92,113.31,-0.15%,150
2017-11-13 00:00:00,113.62,113.52,113.72,113.25,0.08%,150
2017-11-10 00:00:00,113.53,113.47,113.64,113.2,0.05%,150
2017-11-09 00:00:00,113.47,113.86,114.08,113.09,-0.36%,150
2017-11-08 00:00:00,113.88,114.0,114.05,113.39,-0.12%,150
2017-11-07 00:00:00,114.02,113.7,114.34,113.69,0.28%,150
2017-11-06 00:00:00,113.7,114.0,114.74,113.7,-0.33%,150
2017-11-03 00:00:00,114.08,114.08,114.44,113.66,-0.01%,150
2017-11-02 00:00:00,114.09,114.17,114.22,113.53,-0.07%,150
2017-11-01 00:00:00,114.17,113.64,114.3,113.61,0.47%,150
2017-10-31 00:00:00,113.64,113.17,113.73,112.97,0.40%,150
2017-10-30 00:00:00,113.19,113.73,113.84,113.03,-0.44%,150
2017-10-27 00:00:00,113.69,113.98,114.45,113.64,-0.25%,150
2017-10-26 00:00:00,113.98,113.75,114.08,113.34,0.20%,150
2017-10-25 00:00:00,113.75,113.92,114.25,113.48,-0.13%,150
2017-10-24 00:00:00,113.9,113.43,114.01,113.25,0.41%,150
2017-10-23 00:00:00,113.44,113.69,114.11,113.25,-0.07%,150
2017-10-20 00:00:00,113.52,112.53,113.58,112.52,0.86%,150
2017-10-19 00:00:00,112.55,112.94,113.16,112.31,-0.35%,150
2017-10-18 00:00:00,112.94,112.2,113.06,112.14,0.66%,150
2017-10-17 00:00:00,112.2,112.19,112.48,112.03,0.01%,150
2017-10-16 00:00:00,112.19,111.85,112.29,111.65,0.30%,150
2017-10-13 00:00:00,111.86,112.28,112.33,111.69,-0.37%,150
2017-10-12 00:00:00,112.28,112.5,112.53,112.12,-0.20%,150
2017-10-11 00:00:00,112.5,112.45,112.59,112.08,0.04%,150
2017-10-10 00:00:00,112.45,112.67,112.83,112.0,-0.20%,150
2017-10-09 00:00:00,112.67,112.69,112.75,112.32,0.03%,150
2017-10-06 00:00:00,112.64,112.81,113.44,112.61,-0.16%,150
2017-10-05 00:00:00,112.82,112.75,112.92,112.41,0.06%,150
2017-10-04 00:00:00,112.75,112.86,112.94,112.33,-0.10%,150
2017-10-03 00:00:00,112.86,112.75,113.2,112.64,0.08%,150
2017-10-02 00:00:00,112.77,112.56,113.06,112.44,0.25%,150
2017-09-29 00:00:00,112.49,112.35,112.74,112.21,0.13%,150
2017-09-28 00:00:00,112.34,112.86,113.2,112.25,-0.43%,150
2017-09-27 00:00:00,112.83,112.25,113.27,112.21,0.53%,150
2017-09-26 00:00:00,112.23,111.73,112.48,111.5,0.45%,150
2017-09-25 00:00:00,111.73,111.98,112.53,111.47,-0.22%,150
2017-09-22 00:00:00,111.98,112.47,112.56,111.66,-0.44%,150
2017-09-21 00:00:00,112.47,112.21,112.72,112.13,0.22%,150
2017-09-20 00:00:00,112.22,111.58,112.53,111.11,0.56%,150
2017-09-19 00:00:00,111.59,111.56,111.89,111.19,0.02%,150
2017-09-18 00:00:00,111.57,110.88,111.67,110.88,0.66%,150
2017-09-15 00:00:00,110.84,110.22,111.33,109.55,0.55%,150
2017-09-14 00:00:00,110.23,110.48,111.03,110.08,-0.23%,150
2017-09-13 00:00:00,110.48,110.19,110.7,109.92,0.28%,150
2017-09-12 00:00:00,110.17,109.42,110.27,109.25,0.69%,150
2017-09-11 00:00:00,109.41,108.2,109.52,108.14,1.46%,150
2017-09-08 00:00:00,107.84,108.45,108.5,107.33,-0.56%,150
2017-09-07 00:00:00,108.45,109.23,109.28,108.06,-0.71%,150
2017-09-06 00:00:00,109.23,108.81,109.41,108.45,0.39%,150
2017-09-05 00:00:00,108.81,109.73,109.84,108.64,-0.85%,150
2017-09-04 00:00:00,109.74,109.4,109.94,109.31,-0.48%,150
2017-09-01 00:00:00,110.27,109.97,110.42,109.56,0.27%,150
2017-08-31 00:00:00,109.97,110.25,110.67,109.89,-0.24%,150
2017-08-30 00:00:00,110.23,109.75,110.44,109.53,0.44%,150
2017-08-29 00:00:00,109.75,109.27,109.91,108.27,0.46%,150
2017-08-28 00:00:00,109.25,109.26,109.42,109.03,-0.10%,150
2017-08-25 00:00:00,109.36,109.56,109.86,109.11,-0.18%,150
2017-08-24 00:00:00,109.56,109.06,109.61,108.83,0.49%,150
2017-08-23 00:00:00,109.03,109.56,109.83,108.92,-0.49%,150
2017-08-22 00:00:00,109.57,108.97,109.65,108.87,0.54%,150
2017-08-21 00:00:00,108.98,109.34,109.43,108.62,-0.19%,150
2017-08-18 00:00:00,109.19,109.58,109.61,108.61,-0.35%,150
2017-08-17 00:00:00,109.57,110.2,110.37,109.43,-0.56%,150
2017-08-16 00:00:00,110.19,110.67,110.95,110.02,-0.43%,150
2017-08-15 00:00:00,110.67,109.64,110.86,109.59,0.94%,150
2017-08-14 00:00:00,109.64,109.06,109.81,109.03,0.41%,150
2017-08-11 00:00:00,109.19,109.22,109.44,108.77,-0.03%,150
2017-08-10 00:00:00,109.22,110.08,110.19,109.14,-0.78%,150
2017-08-09 00:00:00,110.08,110.31,110.39,109.56,-0.21%,150
2017-08-08 00:00:00,110.31,110.73,110.83,110.23,-0.40%,150
2017-08-07 00:00:00,110.75,110.61,110.92,110.61,0.05%,150
2017-08-04 00:00:00,110.69,110.03,111.06,109.83,0.58%,150
2017-08-03 00:00:00,110.05,110.72,110.84,109.86,-0.61%,150
2017-08-02 00:00:00,110.73,110.36,111.0,110.28,0.34%,150
2017-08-01 00:00:00,110.36,110.25,110.59,109.92,0.10%,150
2017-07-31 00:00:00,110.25,110.64,110.78,110.19,-0.38%,150
2017-07-28 00:00:00,110.67,111.28,111.34,110.55,-0.52%,150
2017-07-27 00:00:00,111.25,111.18,111.73,110.78,0.07%,150
2017-07-26 00:00:00,111.17,111.89,112.2,111.06,-0.64%,150
2017-07-25 00:00:00,111.89,111.08,111.96,110.81,0.70%,150
2017-07-24 00:00:00,111.11,111.06,111.31,110.61,-0.01%,150
2017-07-21 00:00:00,111.12,111.92,112.09,111.0,-0.71%,150
2017-07-20 00:00:00,111.91,111.98,112.43,111.48,-0.05%,150
2017-07-19 00:00:00,111.97,112.08,112.25,111.56,-0.10%,150
2017-07-18 00:00:00,112.08,112.62,112.72,111.67,-0.50%,150
2017-07-17 00:00:00,112.64,112.5,112.88,112.31,0.10%,150
2017-07-14 00:00:00,112.53,113.29,113.6,112.27,-0.66%,150
2017-07-13 00:00:00,113.28,113.16,113.53,112.86,0.11%,150
2017-07-12 00:00:00,113.16,113.94,113.98,112.92,-0.68%,150
2017-07-11 00:00:00,113.94,114.05,114.51,113.72,-0.09%,150
2017-07-10 00:00:00,114.04,113.97,114.3,113.85,0.13%,150
2017-07-07 00:00:00,113.89,113.19,114.19,113.08,0.59%,150
2017-07-06 00:00:00,113.22,113.27,113.48,112.89,-0.04%,150
2017-07-05 00:00:00,113.27,113.28,113.69,112.81,-0.01%,150
2017-07-04 00:00:00,113.28,113.38,113.48,112.73,-0.10%,150
2017-07-03 00:00:00,113.39,112.14,113.48,111.94,0.90%,150
2017-06-30 00:00:00,112.38,112.19,112.62,111.74,0.18%,150
2017-06-29 00:00:00,112.18,112.31,112.94,111.81,-0.11%,150
2017-06-28 00:00:00,112.3,112.36,112.43,111.83,-0.05%,150
2017-06-27 00:00:00,112.36,111.88,112.47,111.45,0.46%,150
2017-06-26 00:00:00,111.84,111.11,111.94,111.11,0.49%,150
2017-06-23 00:00:00,111.29,111.35,111.45,111.16,-0.04%,150
2017-06-22 00:00:00,111.33,111.35,111.45,110.93,-0.04%,150
2017-06-21 00:00:00,111.38,111.45,111.73,111.05,-0.05%,150
2017-06-20 00:00:00,111.44,111.53,111.81,111.31,-0.08%,150
2017-06-19 00:00:00,111.53,110.83,111.61,110.75,0.60%,150
2017-06-16 00:00:00,110.86,110.92,111.44,110.64,-0.07%,150
2017-06-15 00:00:00,110.94,109.56,111.0,109.28,1.24%,150
2017-06-14 00:00:00,109.58,110.06,110.36,108.83,-0.45%,150
2017-06-13 00:00:00,110.07,109.95,110.28,109.82,0.12%,150
2017-06-12 00:00:00,109.94,110.36,110.44,109.61,-0.36%,150
2017-06-09 00:00:00,110.34,110.0,110.81,109.75,0.31%,150
2017-06-08 00:00:00,110.0,109.83,110.42,109.39,0.17%,150
2017-06-07 00:00:00,109.81,109.44,109.91,109.11,0.37%,150
2017-06-06 00:00:00,109.41,110.44,110.52,109.2,-0.96%,150
2017-06-05 00:00:00,110.47,110.36,110.73,110.25,0.05%,150
2017-06-02 00:00:00,110.42,111.34,111.72,110.31,-0.84%,150
2017-06-01 00:00:00,111.36,110.77,111.48,110.67,0.52%,150
2017-05-31 00:00:00,110.78,110.86,111.25,110.47,-0.06%,150
2017-05-30 00:00:00,110.85,111.27,111.35,110.67,-0.37%,150
2017-05-29 00:00:00,111.26,111.32,111.48,111.16,-0.07%,150
2017-05-26 00:00:00,111.34,111.86,111.89,110.89,-0.44%,150
2017-05-25 00:00:00,111.83,111.48,111.95,111.47,0.30%,150
2017-05-24 00:00:00,111.5,111.76,112.12,111.46,-0.25%,150
2017-05-23 00:00:00,111.78,111.31,111.86,110.86,0.43%,150
2017-05-22 00:00:00,111.3,111.33,111.62,110.89,0.02%,150
2017-05-19 00:00:00,111.28,111.48,111.7,111.03,-0.20%,150
2017-05-18 00:00:00,111.5,110.83,111.73,110.23,0.61%,150
2017-05-17 00:00:00,110.82,113.13,113.14,110.78,-2.03%,150
2017-05-16 00:00:00,113.12,113.78,113.8,112.91,-0.58%,150
2017-05-15 00:00:00,113.78,113.19,113.86,113.11,0.39%,150
2017-05-12 00:00:00,113.34,113.86,113.97,113.19,-0.46%,150
2017-05-11 00:00:00,113.86,114.31,114.39,113.47,-0.37%,150
2017-05-10 00:00:00,114.28,113.98,114.36,113.62,0.26%,150
2017-05-09 00:00:00,113.98,113.25,114.33,113.11,0.64%,150
2017-05-08 00:00:00,113.25,112.98,113.31,112.38,0.47%,150
2017-05-05 00:00:00,112.72,112.45,112.83,112.08,0.23%,150
2017-05-04 00:00:00,112.46,112.74,113.05,112.3,-0.26%,150
2017-05-03 00:00:00,112.75,112.0,112.8,111.95,0.69%,150
2017-05-02 00:00:00,111.98,111.86,112.33,111.78,0.13%,150
2017-05-01 00:00:00,111.84,111.3,111.93,111.19,0.26%,150
2017-04-28 00:00:00,111.55,111.25,111.72,111.06,0.25%,150
2017-04-27 00:00:00,111.27,111.06,111.61,111.0,0.19%,150
2017-04-26 00:00:00,111.06,111.11,111.8,110.88,-0.03%,150
2017-04-25 00:00:00,111.09,109.77,111.19,109.58,1.20%,150
2017-04-24 00:00:00,109.77,110.25,110.64,109.64,0.63%,150
2017-04-21 00:00:00,109.08,109.33,109.44,108.86,-0.22%,150
2017-04-20 00:00:00,109.32,108.85,109.49,108.7,0.42%,150
2017-04-19 00:00:00,108.86,108.42,109.19,108.36,0.41%,150
2017-04-18 00:00:00,108.42,108.92,109.23,108.31,-0.45%,150
2017-04-17 00:00:00,108.91,108.67,109.06,108.12,0.25%,150
2017-04-14 00:00:00,108.64,109.09,109.25,108.55,-0.41%,150
2017-04-13 00:00:00,109.09,109.02,109.41,108.72,0.06%,150
2017-04-12 00:00:00,109.03,109.63,109.89,108.96,-0.54%,150
2017-04-11 00:00:00,109.62,110.94,110.97,109.6,-1.19%,150
2017-04-10 00:00:00,110.94,111.09,111.58,110.78,-0.12%,150
2017-04-07 00:00:00,111.07,110.81,111.38,110.13,0.23%,150
2017-04-06 00:00:00,110.81,110.69,111.14,110.28,0.10%,150
2017-04-05 00:00:00,110.7,110.77,111.47,110.53,-0.05%,150
2017-04-04 00:00:00,110.75,110.89,110.97,110.27,-0.13%,150
2017-04-03 00:00:00,110.89,111.41,111.61,110.84,-0.45%,150
2017-03-31 00:00:00,111.39,111.92,112.2,111.22,-0.47%,150
2017-03-30 00:00:00,111.92,111.06,111.97,110.94,0.78%,150
2017-03-29 00:00:00,111.05,111.14,111.33,110.7,-0.10%,150
2017-03-28 00:00:00,111.16,110.69,111.22,110.19,0.45%,150
2017-03-27 00:00:00,110.66,111.23,111.27,110.1,-0.61%,150
2017-03-24 00:00:00,111.34,110.94,111.5,110.61,0.36%,150
2017-03-23 00:00:00,110.94,111.17,111.58,110.61,-0.20%,150
2017-03-22 00:00:00,111.16,111.7,111.81,110.72,-0.50%,150
2017-03-21 00:00:00,111.72,112.55,112.88,111.55,-0.75%,150
2017-03-20 00:00:00,112.56,112.69,112.89,112.44,-0.14%,150
2017-03-17 00:00:00,112.72,113.31,113.5,112.55,-0.52%,150
2017-03-16 00:00:00,113.31,113.36,113.56,112.91,-0.06%,150
2017-03-15 00:00:00,113.38,114.75,114.91,113.18,-1.19%,150
2017-03-14 00:00:00,114.75,114.88,115.2,114.5,-0.11%,150
2017-03-13 00:00:00,114.88,114.81,114.93,114.47,0.11%,150
2017-03-10 00:00:00,114.75,114.94,115.51,114.63,-0.17%,150
2017-03-09 00:00:00,114.94,114.38,115.03,114.33,0.52%,150
2017-03-08 00:00:00,114.35,113.99,114.77,113.61,0.32%,150
2017-03-07 00:00:00,113.98,113.89,114.17,113.72,0.08%,150
2017-03-06 00:00:00,113.89,114.02,114.14,113.55,-0.11%,150
2017-03-03 00:00:00,114.02,114.42,114.77,113.83,-0.34%,150
2017-03-02 00:00:00,114.41,113.75,114.61,113.69,0.60%,150
2017-03-01 00:00:00,113.73,112.78,114.06,112.73,0.84%,150
2017-02-28 00:00:00,112.78,112.72,112.91,111.7,0.07%,150
2017-02-27 00:00:00,112.7,112.11,112.86,111.92,0.45%,150
2017-02-24 00:00:00,112.19,112.61,112.96,111.92,-0.36%,150
2017-02-23 00:00:00,112.59,113.31,113.47,112.56,-0.63%,150
2017-02-22 00:00:00,113.3,113.72,113.75,112.91,-0.34%,150
2017-02-21 00:00:00,113.69,113.08,113.78,113.08,0.52%,150
2017-02-20 00:00:00,113.1,112.86,113.26,112.78,0.19%,150
2017-02-17 00:00:00,112.88,113.25,113.53,112.61,-0.31%,150
2017-02-16 00:00:00,113.23,114.17,114.36,113.09,-0.82%,150
2017-02-15 00:00:00,114.17,114.23,114.97,113.84,-0.08%,150
2017-02-14 00:00:00,114.26,113.73,114.5,113.22,0.45%,150
2017-02-13 00:00:00,113.75,113.33,114.17,113.28,0.47%,150
2017-02-10 00:00:00,113.22,113.25,113.88,112.86,-0.03%,150
2017-02-09 00:00:00,113.25,111.97,113.38,111.73,1.17%,150
2017-02-08 00:00:00,111.94,112.36,112.55,111.61,-0.40%,150
2017-02-07 00:00:00,112.39,111.75,112.58,111.58,0.57%,150
2017-02-06 00:00:00,111.75,112.42,112.81,111.64,-0.84%,150
2017-02-03 00:00:00,112.7,112.78,113.45,112.28,-0.10%,150
2017-02-02 00:00:00,112.81,113.25,113.36,112.03,-0.39%,150
2017-02-01 00:00:00,113.25,112.81,113.97,112.62,0.40%,150
2017-01-31 00:00:00,112.8,113.75,113.97,112.06,-0.86%,150
2017-01-30 00:00:00,113.78,115.09,115.14,113.44,-1.13%,150
2017-01-27 00:00:00,115.08,114.53,115.39,114.39,0.48%,150
2017-01-26 00:00:00,114.53,113.28,114.86,113.03,1.10%,150
2017-01-25 00:00:00,113.28,113.78,114.0,113.03,-0.46%,150
2017-01-24 00:00:00,113.8,112.7,113.91,112.5,0.98%,150
2017-01-23 00:00:00,112.7,114.37,114.45,112.68,-1.68%,150
2017-01-20 00:00:00,114.62,114.88,115.41,114.22,-0.22%,150
2017-01-19 00:00:00,114.87,114.63,115.62,114.38,0.17%,150
2017-01-18 00:00:00,114.67,112.61,114.77,112.56,1.80%,150
2017-01-17 00:00:00,112.64,114.19,114.3,112.59,-1.37%,150
2017-01-16 00:00:00,114.2,114.55,114.55,113.67,-0.29%,150
2017-01-13 00:00:00,114.53,114.72,115.46,114.2,-0.17%,150
2017-01-12 00:00:00,114.72,115.42,115.53,113.75,-0.60%,150
2017-01-11 00:00:00,115.41,115.78,116.86,114.24,-0.31%,150
2017-01-10 00:00:00,115.77,116.02,116.35,115.19,-0.22%,150
2017-01-09 00:00:00,116.03,116.91,117.53,115.97,-0.76%,150
2017-01-06 00:00:00,116.92,115.36,117.19,115.06,1.35%,150
2017-01-05 00:00:00,115.36,117.25,117.44,115.22,-1.63%,150
2017-01-04 00:00:00,117.27,117.77,118.19,117.05,-0.41%,150
2017-01-03 00:00:00,117.75,117.55,118.61,117.2,0.19%,150
2017-01-02 00:00:00,117.53,116.92,117.69,116.72,0.55%,150
2016-12-30 00:00:00,116.89,116.56,117.22,116.05,0.29%,150
2016-12-29 00:00:00,116.55,117.25,117.27,116.2,-0.60%,150
2016-12-28 00:00:00,117.25,117.41,117.83,117.05,-0.14%,150
2016-12-27 00:00:00,117.42,117.09,117.64,117.08,0.28%,150
2016-12-26 00:00:00,117.09,117.38,117.4,116.99,-0.22%,150
2016-12-23 00:00:00,117.35,117.55,117.67,117.18,-0.16%,150
2016-12-22 00:00:00,117.54,117.58,117.9,117.26,-0.01%,150
2016-12-21 00:00:00,117.55,117.84,118.07,117.08,-0.28%,150
2016-12-20 00:00:00,117.88,117.11,118.28,116.99,0.68%,150
2016-12-19 00:00:00,117.08,117.89,118.03,116.53,-0.77%,150
2016-12-16 00:00:00,117.99,118.18,118.43,117.45,-0.15%,150
2016-12-15 00:00:00,118.17,117.05,118.67,116.97,0.96%,150
2016-12-14 00:00:00,117.05,115.17,117.39,114.75,1.61%,150
2016-12-13 00:00:00,115.19,115.03,115.5,114.73,0.14%,150
2016-12-12 00:00:00,115.03,115.22,116.12,114.83,-0.32%,150
2016-12-09 00:00:00,115.4,114.04,115.4,114.0,1.20%,150
2016-12-08 00:00:00,114.03,113.73,114.39,113.14,0.23%,150
2016-12-07 00:00:00,113.77,114.0,114.41,113.39,-0.22%,150
2016-12-06 00:00:00,114.02,113.88,114.22,113.5,0.16%,150
2016-12-05 00:00:00,113.84,113.55,114.8,112.86,0.23%,150
2016-12-02 00:00:00,113.58,114.1,114.25,113.33,-0.45%,150
2016-12-01 00:00:00,114.09,114.45,114.83,113.81,-0.33%,150
2016-11-30 00:00:00,114.47,112.41,114.56,112.05,1.85%,150
2016-11-29 00:00:00,112.39,111.94,113.36,111.61,0.40%,150
2016-11-28 00:00:00,111.94,113.05,113.12,111.33,-1.01%,150
2016-11-25 00:00:00,113.08,113.34,113.91,112.55,-0.23%,150
2016-11-24 00:00:00,113.34,112.53,113.58,112.39,0.73%,150
2016-11-23 00:00:00,112.52,111.11,112.98,110.83,1.26%,150
2016-11-22 00:00:00,111.12,110.81,111.36,110.23,0.26%,150
2016-11-21 00:00:00,110.83,110.93,111.4,110.46,-0.11%,150
2016-11-18 00:00:00,110.95,110.13,110.98,109.8,0.76%,150
2016-11-17 00:00:00,110.11,109.08,110.2,108.55,0.94%,150
2016-11-16 00:00:00,109.08,109.19,109.77,108.78,-0.08%,150
2016-11-15 00:00:00,109.17,108.42,109.36,107.77,0.69%,150
2016-11-14 00:00:00,108.42,106.54,108.56,106.53,1.63%,150
2016-11-11 00:00:00,106.68,106.82,106.94,106.01,-0.14%,150
2016-11-10 00:00:00,106.83,105.67,106.95,104.97,1.10%,150
2016-11-09 00:00:00,105.67,105.14,105.91,101.17,0.48%,150
2016-11-08 00:00:00,105.16,104.46,105.22,104.29,0.66%,150
2016-11-07 00:00:00,104.47,103.14,104.64,103.09,1.29%,150
2016-11-04 00:00:00,103.14,102.98,103.37,102.83,0.16%,150
2016-11-03 00:00:00,102.98,103.31,103.45,102.56,-0.32%,150
2016-11-02 00:00:00,103.31,104.14,104.19,103.0,-0.82%,150
2016-11-01 00:00:00,104.16,104.84,105.14,103.81,-0.63%,150
2016-10-31 00:00:00,104.82,104.69,105.23,104.25,0.11%,150
2016-10-28 00:00:00,104.7,105.28,105.55,104.47,-0.56%,150
2016-10-27 00:00:00,105.29,104.46,105.35,104.28,0.78%,150
2016-10-26 00:00:00,104.47,104.22,104.62,104.0,0.23%,150
2016-10-25 00:00:00,104.23,104.18,104.88,104.1,0.04%,150
2016-10-24 00:00:00,104.19,103.86,104.33,103.7,0.35%,150
2016-10-21 00:00:00,103.83,103.95,104.23,103.53,-0.12%,150
2016-10-20 00:00:00,103.95,103.44,104.11,103.33,0.49%,150
2016-10-19 00:00:00,103.44,103.84,103.94,103.16,-0.40%,150
2016-10-18 00:00:00,103.86,103.89,104.22,103.67,-0.03%,150
2016-10-17 00:00:00,103.89,104.06,104.39,103.77,-0.29%,150
2016-10-14 00:00:00,104.19,103.7,104.48,103.59,0.48%,150
2016-10-13 00:00:00,103.69,104.22,104.64,103.33,-0.49%,150
2016-10-12 00:00:00,104.2,103.52,104.5,103.28,0.66%,150
2016-10-11 00:00:00,103.52,103.61,104.08,103.16,-0.09%,150
2016-10-10 00:00:00,103.61,103.09,103.81,102.81,0.67%,150
2016-10-07 00:00:00,102.92,103.94,104.05,102.86,-0.98%,150
2016-10-06 00:00:00,103.94,103.5,104.17,103.33,0.43%,150
2016-10-05 00:00:00,103.5,102.89,103.67,102.67,0.59%,150
2016-10-04 00:00:00,102.89,101.64,102.97,101.56,1.23%,150
2016-10-03 00:00:00,101.64,101.39,101.69,101.22,0.30%,150
2016-09-30 00:00:00,101.34,101.03,101.77,100.75,0.31%,150
2016-09-29 00:00:00,101.03,100.69,101.86,100.64,0.36%,150
2016-09-28 00:00:00,100.67,100.42,100.83,100.25,0.23%,150
2016-09-27 00:00:00,100.44,100.33,101.0,100.08,0.11%,150
2016-09-26 00:00:00,100.33,101.05,101.11,100.23,-0.66%,150
2016-09-23 00:00:00,101.0,100.75,101.25,100.67,0.25%,150
2016-09-22 00:00:00,100.75,100.33,100.94,100.09,0.44%,150
2016-09-21 00:00:00,100.31,101.72,102.81,100.31,-1.38%,150
2016-09-20 00:00:00,101.71,101.95,102.08,101.54,-0.23%,150
2016-09-19 00:00:00,101.94,102.22,102.42,101.58,-0.35%,150
2016-09-16 00:00:00,102.3,102.08,102.47,101.73,0.21%,150
2016-09-15 00:00:00,102.09,102.42,102.75,101.92,-0.32%,150
2016-09-14 00:00:00,102.42,102.56,103.36,102.25,-0.14%,150
2016-09-13 00:00:00,102.56,101.88,102.77,101.42,0.69%,150
2016-09-12 00:00:00,101.86,102.69,102.8,101.56,-0.81%,150
2016-09-09 00:00:00,102.69,102.48,103.06,101.97,0.19%,150
2016-09-08 00:00:00,102.5,101.75,102.61,101.41,0.76%,150
2016-09-07 00:00:00,101.73,102.03,102.14,101.2,-0.28%,150
2016-09-06 00:00:00,102.02,103.44,103.83,101.94,-1.37%,150
2016-09-05 00:00:00,103.44,103.95,104.14,103.14,-0.53%,150
2016-09-02 00:00:00,103.99,103.24,104.33,102.81,0.72%,150
2016-09-01 00:00:00,103.25,103.42,104.02,103.05,-0.16%,150
2016-08-31 00:00:00,103.42,102.95,103.53,102.84,0.44%,150
2016-08-30 00:00:00,102.97,101.92,103.14,101.75,1.03%,150
2016-08-29 00:00:00,101.92,101.83,102.41,101.83,0.09%,150
2016-08-26 00:00:00,101.83,100.53,101.94,100.08,1.29%,150
2016-08-25 00:00:00,100.53,100.44,100.62,100.28,0.09%,150
2016-08-24 00:00:00,100.44,100.25,100.62,100.08,0.19%,150
2016-08-23 00:00:00,100.25,100.33,100.41,99.92,-0.08%,150
2016-08-22 00:00:00,100.33,100.42,100.94,100.2,0.11%,150
2016-08-19 00:00:00,100.22,99.89,100.46,99.86,0.33%,150
2016-08-18 00:00:00,99.89,100.28,100.5,99.64,-0.38%,150
2016-08-17 00:00:00,100.27,100.33,101.18,100.05,-0.04%,150
2016-08-16 00:00:00,100.31,101.27,101.31,99.56,-0.93%,150
2016-08-15 00:00:00,101.25,101.22,101.47,100.86,-0.06%,150
2016-08-12 00:00:00,101.31,101.94,102.28,100.83,-0.63%,150
2016-08-11 00:00:00,101.95,101.28,102.06,101.0,0.66%,150
2016-08-10 00:00:00,101.28,101.89,101.97,100.95,-0.60%,150
2016-08-09 00:00:00,101.89,102.44,102.53,101.77,-0.54%,150
2016-08-08 00:00:00,102.44,101.72,102.67,101.72,0.62%,150
2016-08-05 00:00:00,101.81,101.22,102.06,100.85,0.58%,150
2016-08-04 00:00:00,101.22,101.25,101.67,100.86,-0.01%,150
2016-08-03 00:00:00,101.23,100.89,101.58,100.73,0.34%,150
2016-08-02 00:00:00,100.89,102.39,102.83,100.67,-1.46%,150
2016-08-01 00:00:00,102.39,102.06,102.69,102.0,0.32%,150
2016-07-29 00:00:00,102.06,105.25,105.34,101.95,-3.05%,150
2016-07-28 00:00:00,105.27,105.41,105.53,104.53,-0.12%,150
2016-07-27 00:00:00,105.4,104.65,106.54,104.61,0.71%,150
2016-07-26 00:00:00,104.66,105.81,105.89,104.0,-1.06%,150
2016-07-25 00:00:00,105.78,106.22,106.73,105.73,-0.28%,150
2016-07-22 00:00:00,106.08,105.81,106.39,105.56,0.26%,150
2016-07-21 00:00:00,105.81,106.86,107.48,105.42,-0.96%,150
2016-07-20 00:00:00,106.84,106.14,107.03,105.83,0.68%,150
2016-07-19 00:00:00,106.12,106.16,106.53,105.64,-0.04%,150
2016-07-18 00:00:00,106.16,105.13,106.26,105.05,1.26%,150
2016-07-15 00:00:00,104.84,105.34,106.31,104.64,-0.47%,150
2016-07-14 00:00:00,105.34,104.5,105.95,104.0,0.80%,150
2016-07-13 00:00:00,104.5,104.69,104.89,103.91,-0.18%,150
2016-07-12 00:00:00,104.69,102.8,104.97,102.42,1.83%,150
2016-07-11 00:00:00,102.81,100.44,102.91,100.44,2.25%,150
2016-07-08 00:00:00,100.55,100.78,101.25,100.03,-0.23%,150
2016-07-07 00:00:00,100.78,101.34,101.44,100.61,-0.54%,150
2016-07-06 00:00:00,101.33,101.73,101.78,100.19,-0.38%,150
2016-07-05 00:00:00,101.72,102.58,102.61,101.45,-0.82%,150
2016-07-04 00:00:00,102.56,102.53,102.81,102.42,0.03%,150
2016-07-01 00:00:00,102.53,103.27,103.41,102.42,-0.74%,150
2016-06-30 00:00:00,103.29,102.84,103.33,102.36,0.45%,150
2016-06-29 00:00:00,102.83,102.77,102.95,102.17,0.07%,150
2016-06-28 00:00:00,102.76,102.0,102.85,101.54,0.75%,150
2016-06-27 00:00:00,102.0,102.11,102.47,101.39,-0.22%,150
2016-06-24 00:00:00,102.23,106.17,106.85,99.12,-3.70%,150
2016-06-23 00:00:00,106.16,104.42,106.19,104.11,1.68%,150
2016-06-22 00:00:00,104.41,104.75,104.86,104.31,-0.32%,150
2016-06-21 00:00:00,104.75,103.94,105.06,103.58,0.78%,150
2016-06-20 00:00:00,103.94,104.34,104.86,103.78,-0.17%,150
2016-06-17 00:00:00,104.12,104.28,104.84,104.09,-0.12%,150
2016-06-16 00:00:00,104.25,106.0,106.03,103.58,-1.67%,150
2016-06-15 00:00:00,106.02,106.11,106.39,105.47,-0.08%,150
2016-06-14 00:00:00,106.11,106.27,106.42,105.61,-0.13%,150
2016-06-13 00:00:00,106.25,106.92,106.92,105.73,-0.68%,150
2016-06-10 00:00:00,106.98,107.08,107.28,106.56,-0.10%,150
2016-06-09 00:00:00,107.09,106.97,107.19,106.25,0.10%,150
2016-06-08 00:00:00,106.98,107.34,107.39,106.58,-0.35%,150
2016-06-07 00:00:00,107.36,107.58,107.92,107.17,-0.19%,150
2016-06-06 00:00:00,107.56,106.44,107.66,106.36,0.97%,150
2016-06-03 00:00:00,106.53,108.88,109.14,106.5,-2.14%,150
2016-06-02 00:00:00,108.86,109.53,109.59,108.5,-0.61%,150
2016-06-01 00:00:00,109.53,110.69,110.83,109.05,-1.07%,150
2016-05-31 00:00:00,110.71,111.13,111.37,110.51,-0.38%,150
2016-05-30 00:00:00,111.13,110.42,111.45,110.31,0.82%,150
2016-05-27 00:00:00,110.23,109.77,110.47,109.47,0.42%,150
2016-05-26 00:00:00,109.77,110.19,110.25,109.39,-0.38%,150
2016-05-25 00:00:00,110.19,110.0,110.47,109.86,0.18%,150
2016-05-24 00:00:00,109.99,109.23,110.12,109.15,0.70%,150
2016-05-23 00:00:00,109.23,110.09,110.25,109.09,-0.84%,150
2016-05-20 00:00:00,110.15,109.96,110.59,109.84,0.16%,150
2016-05-19 00:00:00,109.97,110.19,110.39,109.69,-0.20%,150
2016-05-18 00:00:00,110.19,109.14,110.27,108.72,0.96%,150
2016-05-17 00:00:00,109.14,109.03,109.66,108.83,0.10%,150
2016-05-16 00:00:00,109.03,108.56,109.11,108.44,0.39%,150
2016-05-13 00:00:00,108.61,109.02,109.5,108.52,-0.39%,150
2016-05-12 00:00:00,109.03,108.42,109.41,108.22,0.56%,150
2016-05-11 00:00:00,108.42,109.27,109.39,108.36,-0.78%,150
2016-05-10 00:00:00,109.27,108.34,109.36,108.25,0.87%,150
2016-05-09 00:00:00,108.33,107.11,108.61,107.02,1.13%,150
2016-05-06 00:00:00,107.12,107.28,107.44,106.45,-0.12%,150
2016-05-05 00:00:00,107.25,107.0,107.5,106.8,0.21%,150
2016-05-04 00:00:00,107.02,106.61,107.47,106.25,0.38%,150
2016-05-03 00:00:00,106.61,106.42,106.69,105.53,0.18%,150
2016-05-02 00:00:00,106.42,106.29,106.83,106.16,0.06%,150
2016-04-29 00:00:00,106.36,108.11,108.2,106.28,-1.62%,150
2016-04-28 00:00:00,108.11,111.5,111.92,107.88,-3.01%,150
2016-04-27 00:00:00,111.47,111.31,111.77,111.02,0.14%,150
2016-04-26 00:00:00,111.31,111.2,111.48,110.66,0.10%,150
2016-04-25 00:00:00,111.2,111.56,111.92,110.83,-0.53%,150
2016-04-22 00:00:00,111.79,109.46,111.82,109.25,2.14%,150
2016-04-21 00:00:00,109.45,109.88,109.91,109.31,-0.36%,150
2016-04-20 00:00:00,109.84,109.2,109.89,108.75,0.59%,150
2016-04-19 00:00:00,109.2,108.83,109.52,108.76,0.34%,150
2016-04-18 00:00:00,108.83,108.23,109.0,107.83,0.06%,150
2016-04-15 00:00:00,108.77,109.41,109.77,108.61,-0.58%,150
2016-04-14 00:00:00,109.4,109.36,109.57,108.91,0.05%,150
2016-04-13 00:00:00,109.34,108.53,109.41,108.48,0.73%,150
2016-04-12 00:00:00,108.55,107.93,108.8,107.84,0.57%,150
2016-04-11 00:00:00,107.94,108.05,108.44,107.61,-0.11%,150
2016-04-08 00:00:00,108.06,108.2,109.11,108.01,-0.15%,150
2016-04-07 00:00:00,108.22,109.78,109.86,107.67,-1.44%,150
2016-04-06 00:00:00,109.8,110.32,110.64,109.31,-0.48%,150
2016-04-05 00:00:00,110.33,111.32,111.36,109.94,-0.90%,150
2016-04-04 00:00:00,111.33,111.68,111.81,111.06,-0.30%,150
2016-04-01 00:00:00,111.67,112.56,112.59,111.56,-0.81%,150
2016-03-31 00:00:00,112.58,112.39,112.67,112.08,0.14%,150
2016-03-30 00:00:00,112.42,112.69,112.81,111.99,-0.24%,150
2016-03-29 00:00:00,112.69,113.42,113.81,112.58,-0.67%,150
2016-03-28 00:00:00,113.45,113.08,113.7,113.03,0.34%,150
2016-03-25 00:00:00,113.07,112.91,113.33,112.73,0.14%,150
2016-03-24 00:00:00,112.91,112.37,113.02,112.27,0.47%,150
2016-03-23 00:00:00,112.38,112.36,112.93,112.12,0.00%,150
2016-03-22 00:00:00,112.38,111.94,112.5,111.36,0.39%,150
2016-03-21 00:00:00,111.94,111.43,111.98,111.2,0.33%,150
2016-03-18 00:00:00,111.57,111.38,111.77,110.8,0.16%,150
2016-03-17 00:00:00,111.39,112.53,112.97,110.65,-1.07%,150
2016-03-16 00:00:00,112.59,113.14,113.83,112.31,-0.53%,150
2016-03-15 00:00:00,113.19,113.81,113.94,112.61,-0.56%,150
2016-03-14 00:00:00,113.83,113.82,114.02,113.48,0.02%,150
2016-03-11 00:00:00,113.81,113.18,113.92,112.76,0.55%,150
2016-03-10 00:00:00,113.19,113.34,114.45,112.61,-0.13%,150
2016-03-09 00:00:00,113.34,112.62,113.48,112.2,0.65%,150
2016-03-08 00:00:00,112.61,113.45,113.52,112.41,-0.76%,150
2016-03-07 00:00:00,113.47,113.78,114.09,113.2,-0.25%,150
2016-03-04 00:00:00,113.76,113.68,114.26,113.15,0.06%,150
2016-03-03 00:00:00,113.69,113.48,114.28,113.28,0.19%,150
2016-03-02 00:00:00,113.48,114.0,114.58,113.19,-0.46%,150
2016-03-01 00:00:00,114.01,112.67,114.21,112.14,1.17%,150
2016-02-29 00:00:00,112.69,113.84,114.01,112.62,-1.15%,150
2016-02-26 00:00:00,114.0,112.98,114.0,112.54,0.88%,150
2016-02-25 00:00:00,113.0,112.17,113.03,111.87,0.72%,150
2016-02-24 00:00:00,112.19,112.09,112.28,111.04,0.07%,150
2016-02-23 00:00:00,112.11,112.88,113.06,111.75,-0.72%,150
2016-02-22 00:00:00,112.92,112.61,113.39,112.34,0.31%,150
2016-02-19 00:00:00,112.57,113.23,113.4,112.28,-0.60%,150
2016-02-18 00:00:00,113.25,114.09,114.33,113.11,-0.75%,150
2016-02-17 00:00:00,114.11,114.06,114.52,113.35,0.03%,150
2016-02-16 00:00:00,114.08,114.57,114.89,113.57,-0.44%,150
2016-02-15 00:00:00,114.58,113.2,114.72,113.04,1.20%,150
2016-02-12 00:00:00,113.22,112.4,113.55,111.72,0.71%,150
2016-02-11 00:00:00,112.42,113.31,113.59,110.98,-0.81%,150
2016-02-10 00:00:00,113.34,115.12,115.28,113.12,-1.54%,150
2016-02-09 00:00:00,115.11,115.84,115.86,114.22,-0.63%,150
2016-02-08 00:00:00,115.84,116.88,117.53,115.17,-0.91%,150
2016-02-05 00:00:00,116.9,116.77,117.42,116.42,0.11%,150
2016-02-04 00:00:00,116.77,117.88,118.25,116.5,-0.98%,150
2016-02-03 00:00:00,117.92,119.94,120.06,117.03,-1.71%,150
2016-02-02 00:00:00,119.97,120.98,121.06,119.82,-0.83%,150
2016-02-01 00:00:00,120.98,121.1,121.48,120.66,-0.07%,150
2016-01-29 00:00:00,121.06,118.8,121.7,118.48,1.88%,150
2016-01-28 00:00:00,118.83,118.67,119.0,118.39,0.13%,150
2016-01-27 00:00:00,118.67,118.41,119.08,118.01,0.21%,150
2016-01-26 00:00:00,118.42,118.29,118.62,117.63,0.10%,150
2016-01-25 00:00:00,118.3,118.5,118.86,118.16,-0.40%,150
2016-01-22 00:00:00,118.78,117.7,118.89,117.52,0.92%,150
2016-01-21 00:00:00,117.7,116.92,117.83,116.45,0.65%,150
2016-01-20 00:00:00,116.94,117.61,117.69,115.96,-0.60%,150
2016-01-19 00:00:00,117.64,117.31,118.13,117.23,0.26%,150
2016-01-18 00:00:00,117.34,116.88,117.47,116.55,0.24%,150
2016-01-15 00:00:00,117.06,118.02,118.28,116.49,-0.84%,150
2016-01-14 00:00:00,118.05,117.66,118.28,117.27,0.31%,150
2016-01-13 00:00:00,117.69,117.64,118.39,117.61,0.04%,150
2016-01-12 00:00:00,117.64,117.73,118.08,117.2,-0.11%,150
2016-01-11 00:00:00,117.77,117.43,118.03,116.68,0.27%,150
2016-01-08 00:00:00,117.45,117.66,118.77,117.42,-0.20%,150
2016-01-07 00:00:00,117.68,118.46,118.77,117.3,-0.67%,150
2016-01-06 00:00:00,118.47,119.05,119.17,118.22,-0.50%,150
2016-01-05 00:00:00,119.06,119.41,119.71,118.77,-0.32%,150
2016-01-04 00:00:00,119.44,120.27,120.47,118.68,-0.74%,150
2016-01-01 00:00:00,120.33,120.27,120.33,120.27,0.01%,150
